{"cameraMode":{"drawMode":0,"name":"Shaded","section":"Shading Mode"},"sceneLighting":true,"audioPlay":false,"sceneViewState":{"showFog":false,"showMaterialUpdate":false,"showSkybox":true,"showFlares":false,"showImageEffects":false,"showParticleSystems":false},"in2DMode":false,"pivot":{"x":-21.945720672607423,"y":12.059919357299805,"z":-17.140445709228517},"rotation":{"x":-0.2818390130996704,"y":0.0827779546380043,"z":-0.024419918656349183,"w":-0.9555776119232178},"size":31.673749923706056,"orthographic":false}